[
  {
    "id": "OS0002",
    "title": "OS0002 - Inspeção",
    "description": "e12r 12e",
    "status": "Pendente",
    "priority": "Média",
    "plantId": "plant-3",
    "technicianId": "user-6",
    "supervisorId": "user-5",
    "startDate": "2025-11-13T00:00:00.000Z",
    "activity": "Inspeção",
    "assets": [
      "CFTV"
    ],
    "attachmentsEnabled": true,
    "createdAt": "2025-11-13T15:10:47.200Z",
    "updatedAt": "2025-11-14T14:40:27.322Z",
    "logs": [],
    "imageAttachments": []
  },
  {
    "id": "OS0001",
    "title": "OS0001 - Inspeção semestral",
    "description": "123",
    "status": "Pendente",
    "priority": "Média",
    "plantId": "plant-1",
    "technicianId": "user-3",
    "supervisorId": "user-2",
    "startDate": "2025-11-13T00:00:00.000Z",
    "activity": "Inspeção semestral",
    "assets": [
      "Anemômetro"
    ],
    "attachmentsEnabled": true,
    "createdAt": "2025-11-13T15:08:27.813Z",
    "updatedAt": "2025-11-14T14:40:28.188Z",
    "logs": [],
    "imageAttachments": [
      {
        "id": "img-ff2319ce3a764235a195c97776a21b4c",
        "url": "/files/OS0001/img-ff2319ce3a764235a195c97776a21b4c.jpeg",
        "caption": "",
        "uploadedAt": "2025-11-13T15:12:34.864898Z"
      },
      {
        "id": "img-27b7bf43d1ce49c48a7062fa66d8a47d",
        "url": "/files/OS0001/img-27b7bf43d1ce49c48a7062fa66d8a47d.jpg",
        "caption": "",
        "uploadedAt": "2025-11-13T15:12:34.867502Z"
      }
    ]
  }
]