[
  {
    "client": "RAIZEN",
    "name": "COPI Tracker",
    "stringCount": 40,
    "trackerCount": 50,
    "subPlants": [
      {
        "id": 1,
        "inverterCount": 0
      }
    ],
    "assets": [
      "Albedômetro",
      "Anemômetro",
      "Barramento",
      "Bucha plug-in \"botinha\"",
      "Cabo CA",
      "Cabo CC",
      "Cabo comunicação",
      "CFTV",
      "Chave seccionadora skid",
      "Combiner box",
      "Comunicação",
      "Controlador de carga estação solarimétrica",
      "Conversor",
      "Data logger",
      "Disjuntor BT",
      "Disjuntor geral MT",
      "Disjuntor MT",
      "Elo fusível",
      "Estação solarimétrica",
      "Exaustor",
      "Fonte capacitiva",
      "Fonte chaveada 12/24v",
      "Fonte CC",
      "Inversor",
      "Logger",
      "MC4",
      "Módulo",
      "Módulo fotovoltaico",
      "Mufla",
      "NCU",
      "No-break",
      "Para-raio",
      "Piranômetro",
      "QGBT",
      "Relé",
      "Relé de proteção",
      "Relé de temperatura",
      "Religador automático",
      "RSU",
      "Sensor de temperatura",
      "Sala O&M",
      "Câmera",
      "DVR",
      "Computador",
      "Sensor de temperatura ambiente",
      "Sensor de temperatura modulo",
      "Sensor termo-higrômetro",
      "SKC",
      "Smartlogger",
      "String",
      "Stringbox",
      "Switch",
      "TC concessionária",
      "TC proteção",
      "TCU",
      "Torneira",
      "TP concessionária",
      "TP de serviços auxiliares",
      "TP proteção",
      "Tracker",
      "Transformador",
      "TSA",
      "UFV",
      "Usina",
      "Ventilação forçada"
    ],
    "id": "a1b90284-6c1f-4209-8181-fbab16379da2"
  }
]